{
    "ABC": 59.99,
    "ACP": 0.014931,
    "ACT": 0.0255,
    "ACT*": 0.017178,
    "ADA": 1.520241,
    "ADCN": 0.00013,
    "ADL": 0.01515,
    "ADX": 1.470385,
    "ADZ": 0.0023,
    "AE": 0.2627,
    "AGI": 0,
    "AIB": 0.005626,
    "AIDOC": 0.004198,
    "AION": 0.4835,
    "AIR": 0.001506,
    "ALT": 0.565615,
    "AMB": 0.098165,
    "AMM": 0.014311,
    "ANT": 11.1922,
    "APC": 0.0017,
    "APPC": 0.204528,
    "ARC": 0.0169,
    "ARCT": 0.00061,
    "ARDR": 0.455575,
    "ARK": 2.53101,
    "ARN": 0.097197,
    "ASAFE2": 0.4,
    "AST": 0.525908,
    "ATB": 0.017,
    "ATM": 0,
    "AURS": 0.352867,
    "AVT": 0,
    "BAR": 0.00685,
    "BASH": 0.0056,
    "BAT": 1.495848,
    "BAY": 0.0644,
    "BBP": 0.0005,
    "BCD": 3.062638,
    "BCH": 815.06954,
    "BCN": 0.000875,
    "BCPT": 0.01506,
    "BEE": 1.0e-6,
    "BIO": 0.0008,
    "BLC": 0.072132,
    "BLOCK": 14.2395,
    "BLU": 0.00054,
    "BLZ": 0.4962,
    "BMC": 0.057557,
    "BNB": 580.931971,
    "BNT": 7.283776,
    "BOST": 0.048,
    "BQ": 7.775e-5,
    "BQX": 5.2,
    "BRD": 0.434813,
    "BRIT": 0.03,
    "BT1": 0,
    "BT2": 0,
    "BTC": 64532.113038,
    "BTCA": 0.00036,
    "BTCS": 0.01201,
    "BTCZ": 0.000749,
    "BTG": 106.587887,
    "BTLC": 9,
    "BTM": 0.192272,
    "BTM*": 0.122609,
    "BTQ": 0.01,
    "BTS": 0.1228,
    "BTX": 0.470341,
    "BURST": 0.011992,
    "CALC": 0.0006,
    "CAS": 0.007,
    "CAT": 0.09534,
    "CCRB": 0.08888,
    "CDT": 0.040342,
    "CESC": 0.0037,
    "CHAT": 0.009558,
    "CJ": 0.000898,
    "CL": 0.028,
    "CLD": 0.02,
    "CLOAK": 10,
    "CMT*": 0.03954,
    "CND": 0.04007,
    "CNX": 1.996594,
    "CPC": 0.0005,
    "CRAVE": 0.4,
    "CRC": 0.08475,
    "CRE": 1.316485,
    "CRW": 0.435108,
    "CTO": 0.005,
    "CTR": 0.017,
    "CVC": 0.658103,
    "DAS": 0.937816,
    "DASH": 310.787685,
    "DAT": 0.192,
    "DATA": 0.189528,
    "DBC": 0.014391,
    "DBET": 0.027656,
    "DCN": 0.000153,
    "DCR": 205.93,
    "DCT": 0.043173,
    "DEEP": 0.001,
    "DENT": 0.01144,
    "DGB": 0.08975,
    "DGD": 409.235988,
    "DIM": 9.4957e-5,
    "DIME": 3.0e-5,
    "DMD": 0.58782,
    "DNT": 0.3154,
    "DOGE": 0.133366,
    "DRGN": 0.277626,
    "DRZ": 3,
    "DSH": 252.13175,
    "DTA": 0.002835,
    "EC": 50,
    "EDG": 0.012906,
    "EDO": 2.2228,
    "EDR": 0,
    "EKO": 0.005996,
    "ELA": 10.672,
    "ELF": 0.479749,
    "EMC": 0.269831,
    "EMGO": 0.43382,
    "ENG": 0.153515,
    "ENJ": 2.935249,
    "EOS": 7.841138,
    "ERT": 0.2054,
    "ETC": 21.848153,
    "ETH": 2381.227679,
    "ETN": 0.025475,
    "ETP": 0.468984,
    "ETT": 2.9,
    "EVR": 0.104931,
    "EVX": 1.276681,
    "FCT": 2.374509,
    "FLP": 0.012956,
    "FOTA": 0.0006,
    "FRST": 0.78001,
    "FUEL": 0.001467,
    "FUN": 0.040251,
    "FUNC": 0.00061,
    "FUTC": 0.004,
    "GAME": 0.3105,
    "GAS": 13.245289,
    "GBYTE": 44.989744,
    "GMX": 6.467e-5,
    "GNO": 186.08,
    "GNT": 0.53035,
    "GNX": 0.05456,
    "GRC": 0.0067,
    "GRS": 10,
    "GRWI": 10000,
    "GTC": 0.01265,
    "GTO": 0.1146,
    "GUP": 0.001004,
    "GVT": 14.907737,
    "GXS": 0.39381,
    "HAC": 0.001067,
    "HNC": 0,
    "HSR": 1.809,
    "HST": 0.0027,
    "HVN": 0.03529,
    "ICN": 3.417853,
    "ICOS": 17,
    "ICX": 2.542565,
    "IGNIS": 0.19128,
    "ILC": 0.098703,
    "INK": 0.002972,
    "INS": 0.370595,
    "INSN": 0.0473,
    "INT": 0.03821,
    "IOP": 15.455555,
    "IOST": 0.078531,
    "ITC": 0.2129,
    "KCS": 1.309902,
    "KICK": 0.000324,
    "KIN": 0.000292,
    "KLC": 0.000703,
    "KMD": 3.489212,
    "KNC": 3.526824,
    "KRB": 6,
    "LA": 0.384043,
    "LEND": 2.503013,
    "LEO": 2.2,
    "LINDA": 0.000271,
    "LINK": 37.07604,
    "LOC": 6.310537,
    "LOG": 0.060174,
    "LRC": 0.622861,
    "LSK": 6.262905,
    "LTC": 276.148743,
    "LUN": 0.453915,
    "LUX": 2.09e-6,
    "MAID": 1.196607,
    "MANA": 1.076181,
    "MCAP": 0.005398,
    "MCO": 18.28,
    "MDA": 1.741306,
    "MDS": 0.02255,
    "MIOTA": 2.1313,
    "MKR": 2616.348354,
    "MLN": 87.745,
    "MNX": 0.028649,
    "MOD": 5.261384,
    "MOIN": 0.033073,
    "MONA": 2.392074,
    "MTL": 4.911,
    "MTN*": 0.009575,
    "MTX": 0.129997,
    "NAS": 1.32438,
    "NAV": 0.879451,
    "NBT": 118.03706,
    "NDC": 0.008989,
    "NEBL": 4.141304,
    "NEO": 69.075708,
    "NEU": 0.313541,
    "NEWB": 0.002604,
    "NGC": 0.0538,
    "NKC": 0.002946,
    "NLC2": 0.599935,
    "NMC": 5.867998,
    "NMR": 72.49132,
    "NULS": 1.288,
    "NVC": 10,
    "NXT": 0.081326,
    "OAX": 0.4,
    "OBITS": 0.015,
    "OC": 0.000542,
    "OCN": 0.001722,
    "ODN": 0.5,
    "OK": 0.051568,
    "OMG": 9.830009,
    "OMNI": 14.285,
    "ORE": 0,
    "ORME": 1.235715,
    "OST": 0.045575,
    "OTN": 0,
    "OTX": 0.023,
    "OXY": 3.0699,
    "PART": 3.951477,
    "PAY": 0.1,
    "PBT": 537.232926,
    "PCS": 0.019961,
    "PIVX": 2.3,
    "PIZZA": 0.001,
    "PLBT": 20,
    "PLR": 0.050621,
    "POE": 0.001199,
    "POLY": 0.127682,
    "POSW": 0.48712,
    "POWR": 0.528793,
    "PPC": 1.155408,
    "PPT": 7.572166,
    "PPY": 5.45,
    "PRC": 3.0e-5,
    "PRES": 0.219998,
    "PRG": 0.799007,
    "PRL": 0.061361,
    "PRO": 0.969063,
    "PURA": 0.25,
    "PUT": 0,
    "QASH": 0.15533,
    "QAU": 0,
    "QSP": 0.110339,
    "QTUM": 15.990386,
    "QUN": 0.007796,
    "R": 1,
    "RBIES": 1,
    "RCN": 0.15292,
    "RDD": 0.0067,
    "RDN": 0,
    "RDN*": 0.324446,
    "REBL": 0.002262,
    "REE": 1.0e-5,
    "REP": 49.574,
    "REQ": 0.146,
    "REV": 0.012923,
    "RGC": 0.001,
    "RHOC": 0.178417,
    "RIYA": 0.090025,
    "RKC": 5,
    "RLC": 2.667,
    "RPX": 0.019397,
    "RUFF": 0.03741,
    "SALT": 0.768708,
    "SAN": 0.24241,
    "SBC": 7,
    "SC": 0.03495,
    "SENT": 0.023,
    "SHIFT": 0,
    "SIB": 5.177,
    "SMART": 0.01757,
    "SMLY": 6.0e-5,
    "SMT*": 0.011226,
    "SNC": 0.06,
    "SNGLS": 0.0352,
    "SNM": 0.064764,
    "SNT": 0.2118,
    "SPK": 0.0084,
    "SRN": 0.029573,
    "STEEM": 1.17999,
    "STK": 0.007196,
    "STORJ": 2.386223,
    "STRAT": 0.575001,
    "STU": 0.00019,
    "STX": 0.020308,
    "SUB": 0.008088,
    "SUR": 0.37,
    "SWFTC": 0.006359,
    "SYS": 0.433528,
    "TAAS": 10,
    "TESLA": 0.019139,
    "THC": 0.028182,
    "THETA": 12.53461,
    "THS": 0.00171,
    "TIO": 0.085,
    "TKN": 0,
    "TKY": 0.003214,
    "TNB": 0.00418,
    "TNT": 0.00712,
    "TOA": 0.002397,
    "TRC": 6.2,
    "TRIG": 1.187254,
    "TRST": 0.04799,
    "TRUMP": 0.055,
    "TRX": 0.150522,
    "UBQ": 0.5558,
    "UNO": 52.7999,
    "UNRC": 6.0e-5,
    "UQC": 28.4,
    "USDT": 1.002071,
    "UTK": 0.541861,
    "UTT": 0.770316,
    "VEE": 0.005921,
    "VEN": 10.262905,
    "VERI": 23.736235,
    "VIA": 1.770088,
    "VIB": 0.136399,
    "VIBE": 0.037779,
    "VOISE": 0.00018,
    "VOX": 849.16086,
    "VRS": 0.1375,
    "VTC": 0.663183,
    "VUC": 9.9e-5,
    "WABI": 0.65888,
    "WAVES": 15.469132,
    "WAX": 0.2726,
    "WC": 0.045,
    "WGR": 0.107932,
    "WINGS": 0.124722,
    "WLK": 0.0058,
    "WOP": 0.046453,
    "WPR": 0.062965,
    "WRC": 0.000435,
    "WTC": 2.014,
    "XAUR": 0.10301,
    "XBP": 0.0027,
    "XBY": 0.2889,
    "XCP": 4.197364,
    "XCXT": 0.095658,
    "XDN": 0.00381,
    "XEM": 0.433124,
    "XGB": 0.0015,
    "XHI": 0.001325,
    "XID": 0.010924,
    "XLM": 0.666143,
    "XMR": 322.731603,
    "XNC": 0.00018,
    "XRB": 27.354615,
    "XRP": 1.912937,
    "XTO": 0.324858,
    "XTZ": 6.835387,
    "XUC": 0.514717,
    "XVG": 0.049286,
    "XZC": 4.96985,
    "YEE": 0.004396,
    "YOC": 0.00012,
    "YOYOW": 0.0476,
    "ZBC": 0,
    "ZCL": 0.277551,
    "ZEC": 229.344075,
    "ZEN": 87.34739,
    "ZIL": 0.201071,
    "ZNY": 0.02,
    "ZRX": 2.220826,
    "ZSC": 0.00099,
    "611": 0.389165
}